{"nodes":{"node:3403":{"location":{"x":270,"y":350}}},"selection":null,"view":{"scroll":{"x":21.2305755615234375,"y":258.687774658203125},"visible_rect":{"max":{"x":1214.8204345703125,"y":795.12518310546875},"min":{"x":14.153717041015625,"y":172.458526611328125}},"zoom":1.5}}